Top queries,Clicks,Impressions,CTR,Position
linoroso,83,178,46.63%,1.01
linoroso knives,16,66,24.24%,1
linoroso lunch box,9,48,18.75%,2.35
linoroso bento box,6,17,35.29%,1.71
linoroso knife,3,13,23.08%,1
tpu cutting board,1,89,1.12%,11.39
meteorite chef knife,1,31,3.23%,9.94
unoroso,1,26,3.85%,1.96
round chopping board,1,2,50%,1
knife holder,0,125,0%,26.18
nylon cooking utensils,0,117,0%,20.43
premium kitchen knives,0,97,0%,53.66
nylon kitchen utensils,0,87,0%,34.64
bento box knives,0,81,0%,8.3
serrated peeler,0,80,0%,18.24
7 inch chef knife,0,79,0%,12.37
straight peeler,0,78,0%,36.88
magnetic knife block,0,69,0%,55.7
kitchen peeler set,0,60,0%,30.8
knife wall magnet,0,59,0%,16.78
santoku knife 6 inch,0,55,0%,20.96
8 inch chef knife,0,55,0%,63.82
mako knife set,0,48,0%,6.58
wall mounted knife holder,0,48,0%,14.35
lava box,0,47,0%,53.55
material knife block,0,43,0%,13.63
magnetic knife strip,0,42,0%,28.02
peeler set,0,41,0%,9.2
y peeler,0,41,0%,50.63
chinese cleaver,0,40,0%,66.33
magnetic knife strips,0,38,0%,32.82
orange bento box,0,35,0%,11.91
wall mounted magnetic knife holder,0,34,0%,13.71
7 inch santoku,0,33,0%,49.33
8 inch knife,0,33,0%,54.79
orange cutting board,0,32,0%,14.19
knife magnet,0,32,0%,29.38
knife strip,0,32,0%,46.88
kitchen scissor,0,32,0%,64.38
wall mount magnetic knife holder,0,31,0%,12.97
meteorite knife,0,31,0%,44.52
mako knives,0,29,0%,27.59
premium cutting boards,0,29,0%,73.69
nylon cooking spoons,0,28,0%,9.25
mako knife,0,28,0%,39.75
acacia cutting board,0,27,0%,15.59
8 inch chef's knife,0,27,0%,49.37
knife wall,0,26,0%,17.12
kitchen knife wall storage,0,25,0%,33.2
magnetic knife rack,0,25,0%,37.32
meteorite kitchen knife,0,24,0%,11.79
3-piece peeler set,0,24,0%,25.54
julienne peeler,0,24,0%,25.88
bento box sale,0,24,0%,48.58
professional kitchen scissors,0,24,0%,85.88
frozen bento box,0,23,0%,14.26
magnetic knife holder for wall,0,23,0%,15.35
premium kitchen,0,23,0%,42.13
professional vegetable peeler,0,22,0%,12.55
small kitchen knives,0,22,0%,37.73
8 chef,0,22,0%,61.55
julienne kitchen tool,0,21,0%,12.52
tpu cutting boards,0,21,0%,13.38
nylon utensils,0,21,0%,25.9
grip cutting board,0,21,0%,36.71
classic bento box,0,20,0%,16.45
premium scissors,0,20,0%,60.55
anolon cutting board,0,20,0%,89.2
graphic cow design,0,19,0%,40.89
mako cutting board,0,19,0%,63.21
blue bento box,0,18,0%,23.11
magnetic knife strip for wall,0,17,0%,9.24
cutting board grip,0,17,0%,12.53
7 inch chef's knife,0,16,0%,9.94
material kitchen knife block,0,16,0%,17.88
premium kitchen knife,0,16,0%,21.69
santoku knife 7,0,16,0%,47.75
perfomance series knife holders,0,15,0%,41.73
8 inch chefs knives,0,15,0%,52
knife wall mount,0,14,0%,14.71
magnetic knife strip wood,0,14,0%,21.64
aesthetic bento box,0,14,0%,23.71
wood magnetic knife strip,0,14,0%,29.64
professional french fry cutter,0,14,0%,60.5
3 piece knife set,0,14,0%,64.43
mako steak,0,14,0%,94.64
wall knife,0,13,0%,9.31
mako japanese knives,0,13,0%,9.69
meteorite chef's knife,0,13,0%,10
magnetic knife holder wall mount,0,13,0%,12.85
nylon cooking tools,0,13,0%,13.15
nylon kitchen tools,0,13,0%,15.15
swivel vegetable peeler,0,13,0%,25.38
mako wooden chopping board,0,13,0%,33.92
small kitchen knife,0,13,0%,46.62
dalstrong magnetic blade wall,0,13,0%,56.54
knife magnetic strip,0,13,0%,79.46
wall mount knife set,0,12,0%,7.25
knife magnet for wall,0,12,0%,12
hanging knife rack,0,12,0%,25.25
lenox 8 in chef knife,0,12,0%,45.33
knife hanger,0,12,0%,58.58
knife magnets,0,12,0%,62.33
7 inch kitchen knife,0,11,0%,15.27
chinese cleavers,0,11,0%,63.64
acacia wood cutting board,0,11,0%,66.27
premium kitchen tools,0,11,0%,78.45
bentobox knives,0,10,0%,8.7
material magnetic knife block,0,10,0%,11.3
kitchen storage organization essentials,0,10,0%,14.9
knife storage kitchen,0,10,0%,32.1
mako kitchenware,0,10,0%,52.3
premium knives,0,10,0%,73.9
mako chef knives,0,9,0%,6
magnetic knife wall,0,9,0%,14.33
magnetic knife sheath,0,9,0%,25.11
bento box for sale,0,9,0%,34.44
bento box price,0,9,0%,39.11
kitchen shears uses,0,9,0%,39.56
kitchen essentials knives,0,9,0%,41.56
are nylon cooking utensils safe,0,9,0%,42.11
magnetic knife stand,0,9,0%,57.11
8 inch chefs knife,0,9,0%,65.44
chefs knife 8 in,0,9,0%,66.89
mako master 20 butchers block,0,8,0%,9.62
7 inch nakiri knife,0,8,0%,11.5
hanging knife set,0,8,0%,16.5
kitchen knife sale,0,8,0%,18.25
wooden magnetic knife strip,0,8,0%,23
knife kitchen storage,0,8,0%,29.88
professional fry cutter,0,8,0%,30.38
peeler that juliennes,0,8,0%,35.38
serrated vegetable peeler,0,8,0%,38.12
swivel peeler,0,8,0%,53.62
knives kitchen,0,8,0%,55.75
linouae,0,7,0%,4.43
serated peeler,0,7,0%,10.86
magnet knife strip,0,7,0%,11.14
maki knife,0,7,0%,11.57
knife magnet wall,0,7,0%,16.71
wall knife holder,0,7,0%,16.71
lino knives,0,7,0%,23.14
wall knife magnet,0,7,0%,29.14
scissors graphic,0,7,0%,39.71
julienne tools,0,7,0%,41.57
7 inch santoku knife,0,7,0%,49.14
black kitchen scissors,0,7,0%,54.29
magnetic knife,0,7,0%,56.86
knife storage,0,7,0%,62.86
small paring knife,0,7,0%,68.86
kitchen storage organization essential,0,7,0%,89.71
y peeler vs swivel peeler,0,7,0%,89.86
linoros,0,6,0%,2
material knife holder,0,6,0%,6
"classic 8"" chef's knife",0,6,0%,11.17
wall mount knife holder,0,6,0%,15.5
nylon kitchen utensil set,0,6,0%,18
magnetic knife wall mount,0,6,0%,18.17
meteorite knife for sale,0,6,0%,29
7in santoku knife,0,6,0%,30.17
ergonomic knives,0,6,0%,32.33
8 chef knife,0,6,0%,44.33
wood knife magnet,0,6,0%,47.67
8 inch chef knives,0,6,0%,50.67
kitchen scissor knife,0,6,0%,51.33
knife magnet wood,0,6,0%,52.33
premium cutting board,0,6,0%,54.5
cooking knives,0,6,0%,56.5
knife collection storage,0,6,0%,91.33
lava orange,0,6,0%,91.5
bento box and accessories,0,6,0%,94.33
magnet for knives on wall,0,5,0%,8.8
mako 4.5,0,5,0%,10.4
wall magnetic knife holder,0,5,0%,12.4
vegetable y,0,5,0%,14.2
bento box aesthetic,0,5,0%,15.4
bento knife,0,5,0%,16.4
bento box blue,0,5,0%,16.8
meteorite knife price,0,5,0%,24.6
bento box customer service,0,5,0%,27.8
vegetable y peeler,0,5,0%,32.4
meteorite knives,0,5,0%,34.8
swivel peelers,0,5,0%,37.8
professional kitchen knife set,0,5,0%,42.6
knife made from meteorite,0,5,0%,43.4
kitchen magnetic strip,0,5,0%,43.8
wall magnetic holder,0,5,0%,46.6
bento tools,0,5,0%,51.2
8in chef knife,0,5,0%,58.8
three knife set,0,5,0%,59
8 inch kitchen knife,0,5,0%,61.4
small kitchen knife set,0,5,0%,61.4
magnetic board for knives,0,5,0%,61.8
7 inch knife,0,5,0%,72.2
magnetic knife support,0,5,0%,73.6
kitchen knives kitchen,0,5,0%,80
7 inch chefs knife,0,4,0%,6.75
time recording food storage box,0,4,0%,6.75
bento box knife,0,4,0%,7
premium kitchen scissors,0,4,0%,8
acai board,0,4,0%,8.5
sleek knife,0,4,0%,9.75
bonito box,0,4,0%,10
knives magnetic block,0,4,0%,10.5
lava cutting board,0,4,0%,10.5
knife on wall,0,4,0%,11.25
where to get kitchen knives,0,4,0%,11.25
wall mounted knife set,0,4,0%,12.5
chicken knifes,0,4,0%,12.75
magnetic knife rack for wall,0,4,0%,15.75
hanging knife,0,4,0%,17.25
vegetable peeler set,0,4,0%,17.25
magnetic block for knives,0,4,0%,25.5
magnet wall strip,0,4,0%,29.5
knife magnet board,0,4,0%,30
bento box on sale,0,4,0%,31.25
3.5 inch paring knife,0,4,0%,34.75
hanging knives on wall,0,4,0%,37.5
7 inch santoku chef's knife,0,4,0%,40.5
green cutting board,0,4,0%,43.25
knife storage solutions,0,4,0%,44
wall magnet for knives,0,4,0%,45.5
max knife,0,4,0%,48.25
our place bento box,0,4,0%,50
16 inch knife,0,4,0%,53.5
knife magnet kitchen,0,4,0%,53.75
3 piece kitchen knife set,0,4,0%,55
lino knife,0,4,0%,55.75
bento boxes for sale,0,4,0%,56.5
culinary scissors,0,4,0%,63.75
kitchen scissors that come apart,0,4,0%,68
professional kitchen utensils set,0,4,0%,75.5
high quality kitchen scissors,0,4,0%,79.25
black scissors,0,4,0%,85.5
bias knife cut,0,4,0%,91.75
chilli cutting scissors,0,3,0%,5.67
kitchen scissors with cutting board,0,3,0%,7
kitchen scissors magnetic holder,0,3,0%,8
sola steak knife,0,3,0%,8
white bento,0,3,0%,8.33
professional magnetic knife holder sellers,0,3,0%,8.67
polyamide utensils,0,3,0%,9.33
pivoting peeler,0,3,0%,10
what is tpu cutting board,0,3,0%,10
restaurant grade tpu boards,0,3,0%,11
chinese kitchen cleaver,0,3,0%,11.67
magnetic knife wall holder,0,3,0%,12.33
knife set with magnetic wall holder,0,3,0%,14
nylon utensils set,0,3,0%,14
magnetic knife set wall,0,3,0%,15.33
roso cookware,0,3,0%,15.33
3 piece peeler set,0,3,0%,16.67
hanging knife holder,0,3,0%,16.67
wall mount knife magnet,0,3,0%,17
nylon kitchen utensils set,0,3,0%,19.67
assortment of kitchen knives,0,3,0%,22.33
kitchen kitchen knives,0,3,0%,23
magnetic knives,0,3,0%,25.33
modern knife block,0,3,0%,25.33
bento frozen,0,3,0%,25.67
boring knife,0,3,0%,26
cow kitchenware,0,3,0%,28
wood magnetic knife holder,0,3,0%,28
magnetic knife holder wall,0,3,0%,31
knife rack wall,0,3,0%,31.33
wall mounted knife magnet,0,3,0%,32.67
wooden magnetic knife holder,0,3,0%,32.67
professional magnetic knife holder,0,3,0%,35.67
magnetic knife wood,0,3,0%,36.67
chef knife 8 inch,0,3,0%,37
knife strip magnetic,0,3,0%,40
3 knife set,0,3,0%,40.67
3.5 inch knife,0,3,0%,40.67
santoku knife 7 inch,0,3,0%,40.67
wooden knife magnet,0,3,0%,40.67
meteor knife,0,3,0%,41.33
julienne peelers,0,3,0%,43.67
gorilla grip cutting boards,0,3,0%,46.33
cutting boards green,0,3,0%,49
knife set 3 piece,0,3,0%,50.33
knife hanger magnetic,0,3,0%,51
serrated bread knife,0,3,0%,52.33
scissors kitchen,0,3,0%,52.67
chinese knife sets,0,3,0%,53.33
knife cutting techniques,0,3,0%,55.67
magnetic knife rack wooden,0,3,0%,55.67
kitchen knives storage,0,3,0%,59
chicken knives,0,3,0%,60.67
countertop knife block,0,3,0%,60.67
magnetic knife board,0,3,0%,60.67
lunch box montana,0,3,0%,61.33
choosing kitchen knives,0,3,0%,64
three piece knife set,0,3,0%,67.67
swivel peeler vs y peeler,0,3,0%,71.67
max knives,0,3,0%,73
best bento box adults,0,3,0%,75.67
magnetic knife holder for kitchen,0,3,0%,76.67
kitchen knives sale,0,3,0%,80.67
cutting board blue,0,3,0%,84.33
how to choosee a cookiiing knife,0,3,0%,85.33
julienning tool,0,3,0%,87.33
kitchen knife essentials,0,3,0%,92.67
magnetic blade holder,0,3,0%,92.67
professional kitchen utensil set,0,3,0%,96.33
how much do kitchen knives cost?,0,3,0%,100
linoroso messer,0,2,0%,2
linorvo,0,2,0%,3
premium food storage containers,0,2,0%,4
mako set,0,2,0%,6
linonio,0,2,0%,6.5
linosko,0,2,0%,6.5
nylon for cooking,0,2,0%,7.5
orange bento,0,2,0%,7.5
round acacia cutting board,0,2,0%,8
chilli scissors,0,2,0%,8.5
orange lunch box,0,2,0%,9
stick on knife magnet,0,2,0%,9.5
tpu chopping board,0,2,0%,10.5
8 inch cook,0,2,0%,11.5
knife hanging on wall,0,2,0%,11.5
bento box orange,0,2,0%,12.5
knife in the wall,0,2,0%,12.5
scissor kitchen,0,2,0%,12.5
bento box kitchen,0,2,0%,13
regular kitchen knife,0,2,0%,13.5
knives on magnetic block,0,2,0%,14
knife in wall,0,2,0%,14.5
small chopping knife,0,2,0%,15
nylon utensil set,0,2,0%,15.5
knife hanging magnetic strip,0,2,0%,16
julienne y peeler,0,2,0%,16.5
kitchen board,0,2,0%,17
wall hanging knife holder,0,2,0%,18
6 inch santoku knife,0,2,0%,18.5
knife magnetic wall,0,2,0%,18.5
knife wall holder,0,2,0%,20
nylon kitchen utensil,0,2,0%,20
6.3inch,0,2,0%,20.5
bent o,0,2,0%,23
kitchen knife set wall mounted,0,2,0%,23.5
lino board,0,2,0%,24
wall mounted knife rack,0,2,0%,24
chef knife 7 inch,0,2,0%,24.5
white bento box,0,2,0%,24.5
12 inch round cutting board,0,2,0%,26.5
nakiri knife uk,0,2,0%,27
knife magnet wall mount,0,2,0%,31.5
classic kitchen set,0,2,0%,32.5
wall mounted knife block,0,2,0%,33
cutting board acacia,0,2,0%,35.5
knife blocks magnetic,0,2,0%,35.5
mako 6,0,2,0%,36
8-inch chef's knife,0,2,0%,36.5
8inch knife,0,2,0%,36.5
8 inches knife,0,2,0%,38
stick on magnetic knife holder,0,2,0%,38.5
8 chef's knife,0,2,0%,39.5
tpu board,0,2,0%,40
empty bento box,0,2,0%,40.5
julienner peeler,0,2,0%,40.5
wood knife magnetic strip,0,2,0%,41
bento box for adults,0,2,0%,41.5
y peelers,0,2,0%,41.5
chef's knife 8 inch,0,2,0%,44.5
cutter board green,0,2,0%,44.5
7-inch santoku knife,0,2,0%,47
knife made of meteorite,0,2,0%,48
magnetic knife holder,0,2,0%,49.5
purple cutting board,0,2,0%,50.5
knife magnetic holder,0,2,0%,51.5
food storage containers with date dial,0,2,0%,55.5
magnetic knife boards,0,2,0%,56
kitchen lino,0,2,0%,56.5
santoku 7 inch knife,0,2,0%,57
lino kitchen,0,2,0%,57.5
how to choose kitchen knives,0,2,0%,59.5
how to make magnetic knife holder,0,2,0%,59.5
bento box tools,0,2,0%,61
cutting board with grip,0,2,0%,61.5
magnet for knives,0,2,0%,62.5
kitchen knives for sale,0,2,0%,63.5
kitchen scissors reviews,0,2,0%,64.5
material knife stand,0,2,0%,66
bento box order,0,2,0%,67
knife magnet holder,0,2,0%,67.5
made in 8 inch chef knife,0,2,0%,67.5
knife block magnetic,0,2,0%,68.5
asian cleaver knife,0,2,0%,71
linoso,0,2,0%,76
cooks knives,0,2,0%,77.5
cooking scissors,0,2,0%,78.5
kitchen knives with lifetime warranty,0,2,0%,78.5
professional paring knife,0,2,0%,79
french fry chopper,0,2,0%,86
lino ivory,0,2,0%,87
magnetic knife holder for tile wall,0,2,0%,87.5
premium kitchen knife set,0,2,0%,87.5
professional kitchen utensils,0,2,0%,90
knife storage ideas,0,2,0%,91
linos kitchen,0,2,0%,91
small kitchen knives set,0,2,0%,91
kitchen knives magnetic holder,0,2,0%,92
professional kitchen knife sets,0,2,0%,92.5
bento box menu,0,2,0%,98
how much do kitchen knives cost,0,2,0%,102
bento lunch boxes for adults,0,1,0%,1
circular bread board,0,1,0%,1
circular chopping board,0,1,0%,1
kitchen knife,0,1,0%,1
planche à découper plastique,0,1,0%,1
round wooden board,0,1,0%,1
round wooden chopping board,0,1,0%,1
sharp knife set,0,1,0%,1
schneidebrett kunststoff,0,1,0%,2
grosse brotdose,0,1,0%,3
lunchbox volwassenen,0,1,0%,3
lino collection,0,1,0%,4
free shipping kitchen knives,0,1,0%,5
knife magnet for kitchen,0,1,0%,5
linorose 1000,0,1,0%,6
лино сиро,0,1,0%,6
bento box frozen,0,1,0%,7
bento box premium,0,1,0%,7
chef knife size chart,0,1,0%,7
nakiri knife review,0,1,0%,7
wall mount knife display,0,1,0%,7
bento box classic,0,1,0%,8
chef knife magnet,0,1,0%,8
chinese kitchen knife set,0,1,0%,8
ergonomic knife handle design,0,1,0%,8
frozen bento,0,1,0%,8
fruit skinner,0,1,0%,8
kitchen nylon,0,1,0%,8
knife homder,0,1,0%,8
knives in the kitchen,0,1,0%,8
minto box,0,1,0%,8
mounted knife holder,0,1,0%,8
polyamide cooking utensils,0,1,0%,8
wall mounted magnetic knife block,0,1,0%,8
1/4 french fry cutter,0,1,0%,9
chicken run scissors,0,1,0%,9
classic bento,0,1,0%,9
ergonomic knife handle,0,1,0%,9
french fry disc,0,1,0%,9
kitche knives,0,1,0%,9
mako blocks,0,1,0%,9
wooden wall knife holder,0,1,0%,9
black nylon cooking utensils,0,1,0%,10
box canal,0,1,0%,10
frozen bento lunch box,0,1,0%,10
knives with magnetic block,0,1,0%,10
magnetic strip for kitchen utensils,0,1,0%,10
mako bread,0,1,0%,10
rustic wooden chopping boards,0,1,0%,10
thermoplastic polyurethane cutting board,0,1,0%,10
wall magnets for knives,0,1,0%,10
chilli cutter scissors,0,1,0%,11
knife set wall mount,0,1,0%,11
knife storage in kitchen,0,1,0%,11
lino cutting board,0,1,0%,11
nylon kitchen tool set,0,1,0%,11
short magnetic knife holder,0,1,0%,11
knife holder on wall,0,1,0%,12
knife in a wall,0,1,0%,12
magnetic kitchen strip,0,1,0%,12
magnetic wall mount for knives,0,1,0%,12
kitchen scissors name,0,1,0%,13
magnetic wall mounted knife holder,0,1,0%,13
nylon kitchen,0,1,0%,13
professional culinary knife set,0,1,0%,13
3 kitchen knife set,0,1,0%,14
aesthetic bento boxes,0,1,0%,14
round wooden bread board,0,1,0%,14
shop kitchen knives,0,1,0%,14
single knife block,0,1,0%,14
thick round chopping board,0,1,0%,14
bento products,0,1,0%,15
serrated potato peeler,0,1,0%,15
small chopping knives,0,1,0%,15
wall mounted magnetic strip,0,1,0%,15
blue bento lunch box,0,1,0%,16
knife set with wall magnet,0,1,0%,16
bentoboxen online kaufen,0,1,0%,17
empty knife block uk,0,1,0%,18
made in knife block,0,1,0%,18
magnetic knife block uk,0,1,0%,18
nife holder,0,1,0%,18
what is a bento lunch,0,1,0%,18
kitchen knives cost,0,1,0%,19
knife block amazon,0,1,0%,19
nylon cooking utensil set,0,1,0%,19
to go bento boxes,0,1,0%,19
bento sale,0,1,0%,20
how to make a bento box container,0,1,0%,21
magnetic knife rack wood,0,1,0%,22
magnetic knife strip holder,0,1,0%,23
magnetic wall strip for knives,0,1,0%,25
12+ mako,0,1,0%,26
managed containers for food,0,1,0%,26
metorite knife,0,1,0%,26
nylon kitchen utensils safe,0,1,0%,26
6 santoku knife,0,1,0%,27
material 8 inch knife,0,1,0%,27
scissor with cutting board,0,1,0%,27
graphic cow,0,1,0%,28
kitchen utensils professional,0,1,0%,29
magnetic knife strip for fridge,0,1,0%,29
potato peeler swivel,0,1,0%,30
magnetic knife holder in kitchen,0,1,0%,32
magnetic wood knife strip,0,1,0%,32
mako live 12,0,1,0%,32
peeler swivel,0,1,0%,32
utensils and,0,1,0%,33
best bento lunch boxes,0,1,0%,34
knife set on wall,0,1,0%,34
wall knife set,0,1,0%,34
livingo scissors,0,1,0%,35
vertical knife magnet,0,1,0%,37
6 piece kitchen knife set,0,1,0%,38
kitchen scissors amazon,0,1,0%,38
veri peri menu,0,1,0%,38
y-peeler,0,1,0%,38
high quality bento box,0,1,0%,39
y-peelers,0,1,0%,39
bento boxes uk,0,1,0%,40
cutting board purple,0,1,0%,40
full tang kitchen knives,0,1,0%,40
lino cuisine,0,1,0%,40
lino food,0,1,0%,40
solux cutting board,0,1,0%,40
professional peeler,0,1,0%,41
kitchen multi tool,0,1,0%,42
is nylon safe for cooking utensils,0,1,0%,43
long magnetic knife rack,0,1,0%,43
magnetic knife holder for refrigerator,0,1,0%,43
6inch knife,0,1,0%,44
ditital literary bento box,0,1,0%,45
wall mounted magnet,0,1,0%,45
knife caddy,0,1,0%,46
8inch chef knife,0,1,0%,47
magnetic knife holder wood,0,1,0%,47
skinny french fry cutter,0,1,0%,47
7 inch boning knife,0,1,0%,48
bento kitchen,0,1,0%,48
groundbreaking tools,0,1,0%,48
kitchen tiger,0,1,0%,48
macko tools,0,1,0%,48
magnetic knife mount,0,1,0%,48
elite storage containers,0,1,0%,49
is nylon cooking utensils safe,0,1,0%,49
kitchen knives uk,0,1,0%,49
magentic knife block,0,1,0%,49
magnetic for knives,0,1,0%,49
ultrasonic kitchen knife price,0,1,0%,49
wall mount knife block,0,1,0%,49
8 inch knives,0,1,0%,50
eight inch knife,0,1,0%,50
essential knives,0,1,0%,50
is nylon safe for cooking,0,1,0%,50
nylon tools,0,1,0%,50
red cutting board,0,1,0%,50
great scissors,0,1,0%,51
kitchen knives small,0,1,0%,51
vegetable julienne peeler,0,1,0%,51
acacia round board,0,1,0%,52
wooden magnetic knife rack,0,1,0%,53
chinese butcher knife,0,1,0%,54
kitchen scissors with magnetic holder,0,1,0%,54
lex bento box,0,1,0%,54
mint kitchenware,0,1,0%,55
wall magnet,0,1,0%,55
cleaver chinese,0,1,0%,56
cooking julienne,0,1,0%,56
lino stores,0,1,0%,57
best leakproof bento box,0,1,0%,58
chinese knife set,0,1,0%,58
plastic bento containers,0,1,0%,58
3 pc knife set,0,1,0%,59
kitchen knife 8 inch,0,1,0%,59
magnetic knife easel,0,1,0%,59
premium cutting,0,1,0%,59
chinese cleaver canada,0,1,0%,60
knives made from meteorites,0,1,0%,60
kooking knives,0,1,0%,60
misen magnetic knife holder,0,1,0%,60
3 piece knife sets,0,1,0%,62
antimicrobial cutting board,0,1,0%,62
magnets for knife holder,0,1,0%,62
lava board,0,1,0%,63
1/8 french fry cutter,0,1,0%,64
3-piece knife set,0,1,0%,64
chinese cleaver uk,0,1,0%,64
lino store,0,1,0%,64
nylon cooking utensils safe,0,1,0%,64
serrated peeler vs straight,0,1,0%,64
wood magnetic knife rack,0,1,0%,64
bento box empty,0,1,0%,65
vegetable with y,0,1,0%,65
bento box shop,0,1,0%,66
how to make a magnetic knife holder,0,1,0%,66
10 inch magnetic knife holder,0,1,0%,67
peeler julienne,0,1,0%,67
what to put in a bento box for adults,0,1,0%,67
x wing knife block,0,1,0%,67
"8"" chef knife",0,1,0%,68
magnet holder for wall,0,1,0%,68
magnetic wall holder,0,1,0%,68
scissors black,0,1,0%,68
container for kitchen,0,1,0%,69
kitchen needs. acacia board,0,1,0%,69
kitchen shears usage,0,1,0%,69
knife set with magnetic strip,0,1,0%,69
mako 8,0,1,0%,69
chopping knives,0,1,0%,70
knife mount,0,1,0%,71
peeler kitchen tools,0,1,0%,71
professional cooking utensil set,0,1,0%,71
spaghetti knife block,0,1,0%,72
the bento box,0,1,0%,73
chinese clever,0,1,0%,74
low profile knife block,0,1,0%,74
ancient chinese knives,0,1,0%,75
magnetic chef knife holder,0,1,0%,76
creely mako knife,0,1,0%,77
metallic knife,0,1,0%,77
magnetic knife holder with knives,0,1,0%,78
slim knife block,0,1,0%,78
knife block in kitchen,0,1,0%,79
5 inch boning knife,0,1,0%,81
purple kitchen knives,0,1,0%,81
frozenberry,0,1,0%,82
best kitchen scissors uk,0,1,0%,83
cutting board green,0,1,0%,83
essential knife set,0,1,0%,83
knife made out of meteorite,0,1,0%,83
spanish kitchen knives,0,1,0%,83
professional steak knife,0,1,0%,84
kitchen knives with magnetic holder,0,1,0%,85
magnetic strip knife,0,1,0%,85
brio kitchen box,0,1,0%,86
kitchen and knife,0,1,0%,86
making a magnetic knife holder,0,1,0%,87
best microwavable bento box,0,1,0%,88
shears knife,0,1,0%,88
magnet for knife,0,1,0%,89
best paring knife uk,0,1,0%,91
knife cooking,0,1,0%,91
kitchen set knives,0,1,0%,92
knife racks,0,1,0%,92
linon home decor customer service,0,1,0%,92
made in 8 inch chefs knife,0,1,0%,92
premium chef knife,0,1,0%,92
professional steak knife set,0,1,0%,92
veggie peeler,0,1,0%,92
lino italian,0,1,0%,93
what's inside a bento box,0,1,0%,93
essential kitchen knives,0,1,0%,94
kitchen magnet for knives,0,1,0%,94
magnets for knives,0,1,0%,94
professional utensils,0,1,0%,95
lino box,0,1,0%,96
fruit peeler,0,1,0%,97
spanish kitchen knife,0,1,0%,97
bento plastic,0,1,0%,98
all in one kitchen knife,0,1,0%,99
mako tools,0,1,0%,99
french cutter,0,1,0%,101
ivory kitchen,0,1,0%,101
cutting techniques cooking,0,1,0%,102
premium chef knives,0,1,0%,104
kitchen knives price,0,1,0%,105
professional cutting board,0,1,0%,107
exclusive kitchen knives,0,1,0%,125